id;type;value;head_code_name;last_modified;last_modified_by;created_by;created_on;is_deleted;free_field_1;free_field_2;free_field_3;free_field_4;free_field_5
1;INVESTMENT;Tuna;AGP SAS;2022-09-28T20:24:57;implementation Cambridgeshire haptic;XML navigate Thailand;2022-09-28T17:59:55;false;Shoes;local multi-state Small;Island even-keeled;Industrial Fantastic;Unbranded Applications Frozen
2;SALES;Locks Strategist;Balanced;2022-09-29T02:04:25;Intelligent;red;2022-09-28T15:20:44;true;online;Towels;sensor;deposit;Quality leverage International
3;INVESTMENT;methodologies;withdrawal Niue;2022-09-28T06:26:19;core;Future;2022-09-28T22:50:41;true;Road;generating virtual;Taiwan real-time;uniform;HDD invoice bandwidth
4;HEADOFFICE;mobile;Handmade compressing;2022-09-28T19:01:33;Maine Monitored Nevada;PNG matrix Customer;2022-09-28T12:33:42;true;Texas connecting turquoise;Proactive;Pike generation;Small Kenya;orchid invoice collaborative
5;INVESTMENT;Unbranded SDD;Ohio;2022-09-29T03:23:02;Fresh;Mount;2022-09-28T12:24:33;false;synthesize data-warehouse Synergized;Alaska open-source Organic;North Games;Georgia 1080p;Pound Berkshire Japan
6;BORROWING;ADP;Liberia e-enable International;2022-09-28T20:09:04;Buckinghamshire;invoice niches Fantastic;2022-09-29T06:11:23;true;local IB flexibility;Yen programming;Intelligent maroon SDR;Soft Georgia;Cotton Steel
7;CUSTOMER;Chair Malawi;Tunisian;2022-09-28T20:13:13;Car payment;functionalities Tasty;2022-09-28T10:41:44;false;back-end Wisconsin Gorgeous;bypass;Keyboard Montana communities;Cape;Interactions target Auto
8;LOAN;Well AI;transmitting cross-media;2022-09-29T04:59:36;Customer-focused;challenge;2022-09-28T07:33:05;false;Unbranded Technician Health;panel Gibraltar gold;Directives Pennsylvania Avon;fuchsia invoice;implementation
9;SHARE;Soft Sports Assistant;Bedfordshire;2022-09-28T15:53:10;hacking Naira;Montana transmitting RAM;2022-09-29T00:32:21;true;Director;Steel Up-sized;Car port Gloves;Nebraska;users withdrawal Product
10;CUSTOMER;Fish deposit;Shilling bypassing killer;2022-09-28T21:26:18;Handmade;Global;2022-09-28T09:02:00;true;transmit;Soft;1080p Extended;deposit;Investment
