id;product_name;decription;value;code;offer;last_modified;last_modified_by;created_by;created_on;is_deleted;free_field_1;free_field_2;free_field_3;free_field_4
1;Accounts Buckinghamshire Hat;Sausages Roads Clothing;Outdoors 1080p Australian;Licensed channels Coordinator;back array;2022-09-28T21:56:22;neural Granite;Berkshire solutions;2022-09-28T09:23:17;true;programming Salad;Facilitator bandwidth;Zimbabwe;payment Bacon Shoes
2;Distributed Plastic Indian;Account;Data payment virtual;disintermediate Plastic;Jersey;2022-09-28T09:22:38;Granite Hollow;Sausages;2022-09-28T15:20:40;false;transmitting Devolved;Dinar;XML;Small Guadeloupe
3;hacking Lead virtual;Operations Plain;viral auxiliary Car;navigating Industrial Multi-lateral;transition challenge structure;2022-09-29T04:51:26;Borders Fish;Wisconsin Business-focused;2022-09-28T12:44:55;true;Account sexy;Books Vermont Internal;SAS invoice;Dram pricing coherent
4;Cambridgeshire Soft Unbranded;Way monitor;digital invoice Islands;Bangladesh driver deposit;Metal Manat Technician;2022-09-28T11:50:39;Berkshire;invoice envisioneer;2022-09-28T06:47:19;false;Dollar reboot;Oro Internal;interface cohesive;Ergonomic
5;invoice supply-chains Legacy;Toys Roads convergence;Regional;architectures of;asymmetric solution-oriented;2022-09-28T07:26:10;Supervisor;payment scale Arizona;2022-09-29T04:59:12;true;Cheese green intuitive;platforms;Managed;Assimilated
6;approach Awesome Customer-focused;calculating Money blockchains;bypass turn-key;Salad Research optical;Rustic;2022-09-28T08:39:55;olive;programming infrastructures;2022-09-28T22:40:43;false;Island Bedfordshire Fresh;neural Botswana;calculating withdrawal indexing;Zambian Granite
7;East primary Buckinghamshire;Frozen capacitor;Manager mobile;Creative Tasty Versatile;Account;2022-09-28T12:45:28;De-engineered cohesive;orchestrate programming;2022-09-28T17:06:08;false;USB Ergonomic;THX matrix B2B;non-volatile;Roads clear-thinking quantify
8;Refined;firewall Louisiana;Movies implement multi-byte;Consultant multimedia Bedfordshire;card;2022-09-28T15:14:19;Solutions Road frictionless;Electronics Wisconsin;2022-09-28T11:57:19;false;Fantastic withdrawal;Account Plastic;Balboa;National Philippines
9;Corporate parsing harness;payment Monitored gold;Guinea;Buckinghamshire;Triple-buffered;2022-09-28T09:58:26;hack;Minnesota turquoise Balboa;2022-09-29T01:23:44;true;Views hybrid Guatemala;SCSI;program cohesive Industrial;Sleek orchestration
10;Cross-group;Generic Street Hong;Gloves;teal overriding;Dinar;2022-09-28T23:56:30;frictionless yellow drive;Optimization;2022-09-28T07:59:38;false;e-markets California instruction;Beauty;up;enable
