id;member_id;portfolio_code;product_code;home_branch;serv_branch;home_state;serv_state;gst_exempted;pref_repay_mode;tds_code;tds_rate;sanctioned_amount;origination_appln_no;cycle_day;tenor;interest_rate;repay_freq;is_deleted;last_modified;last_modified_by;free_field_1;free_field_2;free_field_3;free_field_4
1;Keyboard protocol JSON;Games;utilisation;intranet Accounts up;Moroccan Wooden;program;Group Coordinator;Plaza payment;overriding calculating;Designer;Program Colombia;46359;RAM Bedfordshire Western;49295;Shoes;56696;MONTHLY;false;2022-09-28T16:18:22;Car Tuna;Lithuanian Beauty;Montana solid;Engineer;Bedfordshire invoice Loan
2;Liberian haptic Electronics;Nebraska Card;Total;Sports;Bedfordshire;Lek CSS;navigate Reverse-engineered Cambridgeshire;generate well-modulated bus;Awesome;Tasty New;Account;97213;Granite;26684;bluetooth;53971;QUARTERLY;false;2022-09-28T16:38:48;Polarised Saint;Steel Home Dong;turquoise;Hryvnia hack;iterate regional
3;SSL Cotton;cross-media Generic;Paradigm Iranian Operations;Toys capacitor;gold navigating;repurpose Shirt;multi-byte;indexing Cotton radical;transmitter Cambridgeshire Down-sized;Clothing Lead;SDD;34104;card Australian platforms;42828;SCSI Well;96902;MONTHLY;true;2022-09-28T22:57:56;Central;overriding Factors;Licensed input;world-class Tanzania;Roads
4;schemas facilitate Assistant;Implementation Concrete;Electronics Loan Designer;bluetooth;Personal;Auto;Unbranded Profound;sensor Computer Rustic;USB;ability Rue;open-source virtual Designer;56970;Views haptic;83293;Sports Nevada HDD;82155;QUARTERLY;false;2022-09-29T00:23:55;Dynamic incentivize Fork;fuchsia Course Implementation;installation;interactive platforms Licensed;alarm
5;channels Balanced;Practical incubate;Bridge sensor;quantifying Response;Corporate;Human Jewelery Netherlands;invoice Universal Dynamic;Buckinghamshire;Unions;Gorgeous;primary;46214;Card Movies calculating;37261;Rubber;25612;MONTHLY;false;2022-09-29T02:25:26;partnerships Myanmar;Plastic Money;Forges Account Buckinghamshire;Iowa;open Soft
6;Gorgeous calculating synthesizing;Future Credit SMS;Bedfordshire visualize;Canadian HDD;North;HDD;Tuna visionary;indigo infrastructures;Generic;Illinois Island Shirt;payment Unbranded;40671;core;73903;fuchsia;88190;YEARLY;false;2022-09-28T18:26:53;Tonga Inlet;Buckinghamshire Account;Fish generate;Awesome;navigating generate
7;Inverse SMS payment;Networked Tuna;maroon;Monaco Bedfordshire web-enabled;mission-critical indigo;Infrastructure Myanmar;Concrete European;generating online;HTTP;Sudan;Berkshire Granite SSL;2478;Fundamental Account Metal;45726;collaborative Triple-buffered digital;14418;YEARLY;false;2022-09-28T11:21:12;Tennessee;Rustic USB;Implementation system;lime motivating generate;override Swaziland Plastic
8;Account SQL;Won;Networked Infrastructure bypass;Table Knolls visionary;FTP;time-frame;modular web-enabled Outdoors;schemas;Central;Avon Soft North;SQL Outdoors;18192;compelling Wooden;61430;Tokelau Associate;18844;YEARLY;false;2022-09-28T20:35:11;Arizona Central Cambridgeshire;withdrawal Kids;transmitting Mali;reintermediate;productize Koruna online
9;Georgia bypass Industrial;initiative Sierra;Engineer utilize;Salad state Assurance;Cliffs;Pa'anga end-to-end Functionality;optical Quality pink;index;grid-enabled;Tasty;Kroon;89309;Credit Analyst;14093;Wooden;9608;YEARLY;true;2022-09-29T02:54:58;hacking Granite;Balboa;clear-thinking Product;Jewelery primary;Shoes reinvent
10;port;Jersey Cotton;Unbranded digital;Wooden;Unbranded Granite;Tactics bricks-and-clicks bypass;Awesome transmit;Awesome Legacy;Response;deposit;rich;54167;port microchip green;51357;National B2C;124;HALF_YEARLY;false;2022-09-28T18:03:59;AI state;copying Facilitator;Awesome Pizza redundant;Group Mall;target seize
