id;type;name;description;value;last_modified;last_modified_by;created_by;created_on;is_deleted;free_field_1;free_field_2;free_field_3;free_field_4
1;DOC_CATAGORY;Ameliorated methodologies;systematic optical management;workforce Configuration;2022-09-29T01:58:22;Bedfordshire Checking Buckinghamshire;overriding Aruban;2022-09-28T23:05:50;true;Baby Borders;Checking;benchmark;override Dinar
2;CASTE;strategize Congo Berkshire;payment cross-platform;Configurable;2022-09-28T14:57:27;Republic;Bike Cotton;2022-09-28T14:50:11;false;Solutions;supply-chains;Metal PCI Focused;back-end vertical
3;ACCOUNT_TYPE;Sleek Hat;web-enabled optimal;algorithm parse;2022-09-28T20:36:52;engage;Wisconsin New;2022-09-28T14:39:23;true;Bedfordshire;Tuna convergence Customer;Light;ROI Mount
4;CASTE_CATEGORY;Reactive Toys Supervisor;Movies Fresh;Liaison Florida;2022-09-28T17:26:36;lime Tasty;Incredible;2022-09-28T23:10:24;true;Automotive Identity Principal;black;pixel e-commerce;Wyoming
5;CASTE;indigo integrated;Consultant virtual Licensed;Greens;2022-09-29T05:47:52;enable Borders;Music hacking Ergonomic;2022-09-28T18:56:32;false;Grocery;enterprise lavender;1080p up deposit;bypass exploit
6;CASTE;Handmade;Grove synthesize;Personal Designer;2022-09-28T15:30:44;1080p virtual exuding;Steel FTP Rest;2022-09-28T16:16:48;true;markets strategize architect;Architect;connecting Ergonomic;back-end
7;RELIGION;digital Factors;Soap Carolina Future;Beauty;2022-09-28T13:53:01;Soap monitor;Handcrafted;2022-09-28T20:29:32;true;Hat demand-driven HDD;Engineer applications;Frozen;Account Roads deposit
8;RELIGION;Metrics Dobra;innovate interface;Bedfordshire;2022-09-29T01:17:58;azure Dollar;Global;2022-09-28T16:30:41;false;Open-source EXE Yuan;Granite;monitor convergence Incredible;architectures
9;CASTE_CATEGORY;California;Cotton back calculate;Burg human-resource Orchestrator;2022-09-28T17:24:47;cyan haptic EXE;Supervisor Savings Savings;2022-09-28T08:57:47;false;technologies Cotton;turquoise Cheese Creative;content Berkshire Investment;Generic backing Music
10;CASTE;XML orchid back-end;Grocery transmitting;synergize teal;2022-09-29T00:32:34;Keyboard networks initiatives;card invoice Shoes;2022-09-28T19:11:43;false;AGP;productivity Rubber;extensible;Borders
