id;remark;loan_amt;modified_amt;loan_interest;modified_interest;created_on;created_by;branch;application_no;last_modified;last_modified_by;free_field_1;free_field_2;free_field_3;free_field_4;free_field_5;free_field_6
1;explicit bypass;87016;22936;17540;73667;2022-09-29T00:22:00;Ball payment quantify;Cotton;Legacy Arabia New;2022-09-28T10:12:49;Plastic Colon Developer;Taka;Future experiences motivating;orange Bacon Global;programming;deposit;Response
2;quantify compressing;37536;44226;93127;33905;2022-09-28T07:34:24;connect;Nuevo Group;Borders withdrawal;2022-09-29T05:51:53;Tasty azure;Handcrafted holistic deposit;withdrawal;Strategist;mission-critical Camp transmitter;Ridge;Cotton
3;Mouse executive overriding;42435;5129;68383;44616;2022-09-28T13:51:14;matrix quantify;compress out-of-the-box;Alley Rhode;2022-09-29T03:41:34;Personal Enhanced;Garden;withdrawal;contingency Creative;Fiji;Soft extend;JBOD
4;Account;65719;51961;14868;54659;2022-09-29T02:27:23;black Coordinator Outdoors;Fresh;Market dedicated;2022-09-28T09:18:43;violet;e-commerce;Optimized Handcrafted Handcrafted;generating maroon SCSI;exuding Concrete Sausages;Lead FTP invoice;Frozen port invoice
5;system Villages Technician;64713;1907;97782;50945;2022-09-28T15:35:15;Bacon Keyboard;Accountability Sports programming;Triple-buffered AGP;2022-09-29T04:46:00;pixel;Corporate Investment;Optimization hacking;JBOD Martinique;Checking Iceland leading-edge;Response Cotton Texas;Plastic copying
6;platforms;62975;7108;25885;51622;2022-09-28T19:59:57;payment;XML;Principal Keyboard payment;2022-09-28T15:18:17;Generic Investment;Roads;reintermediate Steel Fresh;program GB;mobile;connecting;program
7;killer open-source Reactive;48251;16716;83521;83096;2022-09-28T20:36:36;quantifying parsing drive;Fresh orchestrate;impactful wireless;2022-09-28T10:47:15;Rustic circuit;dedicated;Practical Naira;purple Concrete program;pink Practical indigo;granular;monitor Implemented
8;up directional impactful;61027;34780;20506;42791;2022-09-28T23:33:57;green National;Street;auxiliary optical;2022-09-28T06:25:40;magenta Distributed;quantify Ergonomic;networks;Avon application;encoding invoice;Manager;mission-critical generate
9;Awesome Developer;82358;80861;61839;93876;2022-09-28T12:34:27;Neck HTTP;Tools streamline;Springs;2022-09-28T13:22:37;Handcrafted;Wisconsin parsing Korean;Kids Beauty convergence;Automotive;e-business;Health;Cotton
10;Global backing;75787;78164;25132;74619;2022-09-28T18:18:50;CSS services;Manager;Technician;2022-09-28T17:09:33;Steel;algorithm;B2C system Kwacha;group Granite;Administrator structure Romania;copying Industrial Seamless;solution Designer transmitter
